Model,FNR,FPR
Random Forest + IGL1,0.25618321670319494,0.03187703825289427
MLP + IGL1,0.26197636208767133,0.03380965095316057
Gradient Boosting + IGL1,0.2731577659715401,0.033167737835092574
